LPNPM980824717,840023207440,B08NWF8SL4,Moto G stylus | 2021 | 2-Day battery | Unlocked | Made for US by Motorola | 4/128GB | 48MP Camera | Black,299.99,Phones/Tablets
LPNRREC4589072,194252202029,B09322PK9Q,2021 Apple 11-inch iPad Pro Wi-Fi + Cellular 256GB - Space Gray,1049.0,Phones/Tablets
LPNPMAA3502606,606449158618,B09DFRGYNQ,NETGEAR 4-Stream WiFi 6 Router (R6700AXS) – with 1-Year Armor Cybersecurity Subscription - AX1800 Wireless Speed (Up to 1.8 Gbps) | Coverage up to 1500 sq. ft. 20+ devices AX WiFi 6 w/ 1yr Security,122.84,Routers/Switches
LPNRRFL7483588,195890697000,B09B17DVYR,"Lenovo - Tab P11 Plus - Tablet - 11"" 2K Display - MediaTek Octa-Core Processor - 4GB Memory - 128GB Storage - Dolby Atmos - Android 11 - Bluetooth & Wi-Fi - Long Battery Life",337.5,Phones/Tablets
LPNPMII1664496,887276590752,B0996WCSND,SAMSUNG Galaxy Tab S7 FE 12.4” 64GB WiFi Android Tablet w/ Large Screen Long Lasting Battery S Pen Included Multi Device Connectivity US Version 2021 Mystic Black,487.59,Phones/Tablets
LPNPMIA7346121,811659037602,B08B3CFL6W,Razer Huntsman Mini 60% Gaming Keyboard: Fast Keyboard Switches - Clicky Optical Switches - Chroma RGB Lighting - PBT Keycaps - Onboard Memory - Mercury White,102.45,keyboards_mice_auction
LPNRREX1613803,824142281987,B09Q9SX3NY,MSI Gaming GeForce RTX 3050 8GB GDRR6 128-Bit HDMI/DP PCIe 4 Torx Twin Fans Ampere OC Graphics Card (RTX 3050 Ventus 2X 8G OC),321.0,Graphics Cards
LPNPMAI4297344,706487021803,B08XZQBD3R,BlueParrott M300-XT Noise Cancelling Hands-free Mono Bluetooth Headset for Mobile Phones with up to 14 Hours of Talk Time for On-The-Go Mobile Professionals & Drivers,99.99,other_earbuds
LPNRREW4458883,706487019817,B087R97MM2,BlueParrott B450-XT Noise Cancelling Bluetooth Headset – Updated Design with Industry Leading Sound & Improved Comfort Up to 24 Hours of Talk Time IP54-Rated Wireless HeadsetBlack,169.99,Headphones
LPNRRFK3334730,706487019817,B087R97MM2,BlueParrott B450-XT Noise Cancelling Bluetooth Headset – Updated Design with Industry Leading Sound & Improved Comfort Up to 24 Hours of Talk Time IP54-Rated Wireless HeadsetBlack,169.99,Headphones
LPNRREW5334982,840262383820,B0B7CBZQZT,OtterBox OTTER + POP SYMMETRY SERIES for iPhone 14 Pro Max (ONLY) - BLACK,30.81,Phone/Tablet Cases
LPNRRFK3356842,840262369077,B09QT6T1XX,OTTERBOX Trusty Case for iPad Mini (6TH GEN) - Slinky,59.95,Phone/Tablet Cases
LPNPMAI6269416,603983760093,B01N7S1TZO,Genuine Original US Layout Backlit Laptop Keyboard with Trackpoint for ThinkPad X1 Carbon 2013 Gen 1 MT 3443 3444 3446 3448 3460 3462 3463 Series 04Y2983 4Y2983 04Y0786 4Y0786 No Frame,46.18,keyboards_mice_auction
LPNRRFL7698290,840006629788,B09GHTMJMY,CORSAIR iCUE COMMANDER CORE XT Digital Fan Speed and RGB Lighting Controller,59.99,under75
LPNRRFL8489768,840006629788,B09GHTMJMY,CORSAIR iCUE COMMANDER CORE XT Digital Fan Speed and RGB Lighting Controller,59.99,under75
LPNPMIA7458829,840104221501,B08DY7SQMF,OTTERBOX DEFENDER SERIES SCREENLESS EDITION Case for iPhone 12 Pro Max - TEAL ME ABOUT IT (GUACAMOLE/CORSAIR),28.1,Phone/Tablet Cases
LPNRREW0374378,889349620045,B072N84DG6,ASUS XG-C100C 10G Network Adapter Pci-E X4 Card with Single RJ-45 Port,114.75,PCIE Cards
LPNPMIA5150344,840262372466,B09LPJ53PJ,OtterBox SYMMETRY SERIES+ CLEAR Antimicrobial Case with MagSafe for iPhone 13 - Stardust,37.23,Phone/Tablet Cases
LPNRRFL8720099,612572215388,B07H42QXF1,ARRIS SURFboard SBG10 DOCSIS 3.0 16 x 4 Gigabit Cable Modem & AC1600 Wi-Fi Router | Comcast Xfinity Cox Spectrum | Two 1 Gbps Ports | 400 Mbps Max Internet Speeds | SURFboard App | 2 Year Warranty,119.0,Modems
LPNRREW4203105,811659035806,B07YPBQSCK,Razer Basilisk X HyperSpeed Wireless Gaming Mouse: Bluetooth & Wireless Compatible 16K DPI Optical Sensor 6 Programmable Buttons 450 Hr Battery Classic Black,43.8,under75
LPNRREW5307251,840104295281,B09N9RH7F7,OTTERBOX Defender Series SCREENLESS Edition Case for Galaxy S22+ - Black,59.95,Phone/Tablet Cases
LPNRREW4180866,606449147490,B08FQMBKQG,NETGEAR Cable Modem with Built-in WiFi Router (C6230) - Compatible with All Major Cable Providers incl. Xfinity Spectrum Cox - for Cable Plans Up to 400Mbps - AC1200 WiFi Speed - DOCSIS 3.0,122.99,Modems
LPNRREW4229647,811659036964,B08FQMBKQG,Razer DeathAdder V2 Pro Wireless Gaming Mouse: 20K DPI Optical Sensor - 3X Faster Than Mechanical Optical Switch - Chroma RGB Lighting - 70 Hr Battery Life - 8 Programmable Buttons - Classic Black,111.0,keyboards_mice_g_headphones
LPNRRFL7986758,,B08GKY84WZ,Lian Li UNI FAN SL120 3 Pack White - with Controller (ARGB 120mm LED PWM Daisy-Chain),79.9,over75
LPNPMAE7010195,606449148169,B086V2LDLP,NETGEAR Nighthawk Whole Home Mesh WiFi 6 Add-on Satellite (MS60) – add up to 1500 sq. ft. of coverage,119.99,Routers/Switches
LPNO102502775,192876057087,B07VPL6BL6,ASUS Dual Band WiFi Repeater & Range Extender (RP-AC1900) - Coverage Up to 3000 sq.ft Wireless Signal Booster for Home AiMesh Node Easy Setup,130.95,Routers/Switches
LPNRREB3798110,612572215432,B07M9J3XW2,ARRIS SURFboard SBG8300 DOCSIS 3.1 Gigabit Cable Modem & AC2350 Wi-Fi Router | Comcast Xfinity Cox Spectrum & more | Four 1 Gbps Ports | 1 Gbps Max Internet Speeds | 4 OFDM Channels 2 Year Warranty,249.0,Modems
LPNPMAE0059971,606449152739,B08KTXG8Q5,NETGEAR 4-Stream WiFi 6 Router (R6700AX) – AX1800 Wireless Speed (Up to 1.8 Gbps) | Coverage up to 1500 sq. ft. 20 devices,98.39,Routers/Switches
LPNPMAA6009181,606449158618,B09DFRGYNQ,NETGEAR 4-Stream WiFi 6 Router (R6700AXS) – with 1-Year Armor Cybersecurity Subscription - AX1800 Wireless Speed (Up to 1.8 Gbps) | Coverage up to 1500 sq. ft. 20+ devices AX WiFi 6 w/ 1yr Security,122.84,Routers/Switches
LPNRREA6703971,656777017699,B08559R1CJ,Desktop Anti-Theft Stand – CTA Kiosk Stand with Stylus Tether and Aluminum Enclosure for iPad 7th/ 8th/ 9th Gen 10.2” iPad Air 3 & iPad Pro 10.7” and More (PAD-DASB) - Black,68.0,under75
LPNPMUE1997211LPNPMUE1997211,887276607368,B09N3XRLZH,SAMSUNG Galaxy Tab A8 Android Tablet 10.5” LCD Screen 64GB Storage Long-Lasting Battery Kids Content Smart Switch Expandable Memory Dark Gray,257.59,Phones/Tablets
LPNRRCY4828592,843368066802,B08VNT658R,EVGA Z15 RGB Gaming Keyboard RGB Backlit LED Hotswappable Mechanical Kailh Speed Silver Switches (Linear) 821-W1-15US-KR,103.4,keyboards_mice_auction
LPNRRFB3086180,606449148169,B086V2LDLP,NETGEAR Nighthawk Whole Home Mesh WiFi 6 Add-on Satellite (MS60) – add up to 1500 sq. ft. of coverage,119.99,Routers/Switches
LPNRREE7164787,85896723592,B01936N73I,"Kensington Expert Wireless Trackball Mouse (K72359WW) Black 3.5"" x 6.1"" x 8""",99.99,keyboards_mice_g_headphones
LPNPMOA2970827,74101202441,B08527W1MF, Fujifilm Instax Mini 11 Instant Camera - Sky Blue,80.27,Cameras
LPNRREW4489721,887276594361,B0996VW79N,SAMSUNG Galaxy Tab S7 FE 12.4” 256GB WiFi Android Tablet w/ Large Screen Long Lasting Battery S Pen Included Multi Device Connectivity US Version 2021 Mystic Black,679.99,Phones/Tablets
LPNRREW5016728,,B096RBSVVQ,OCYCLONE iPad Pro 12.9 Case 2021/2020/2018 7 Viewing Angles Magnetic Stand + Pencil Holder + Auto Wake/Sleep Protective Case for iPad Pro 12.9 inch 5th /4th/3rd Gen - Blue,27.52,Phone/Tablet Cases
LPNRREX0622037,192876104798,B07NQBQB6Z,ASUS Hyper M.2 X16 PCIe 3.0 X4 Expansion Card V2 Supports 4 NVMe M.2 (2242/2260/2280/22110) Upto 128 Gbps for Intel VROC and AMD Ryzen Threadripper NVMe Raid,52.99,PCIE Cards
LPNPMAI2283037,194253035466,B09V3J6D79,Apple iPhone SE Silicone Case - Abyss Blue,28.0,Phone/Tablet Cases
LPNPM960254275,N/A,N/A,N/A,N/A,Apple Brand Accessories
LPNRREW4736956,840104234907,B08S468HYP,"OTTERBOX UnlimitEd SERIES Case with Kickstand & Hand Strap + Screen Protector for iPad 7th 8th & 9th Gen (10.2"" Display - 2019 2020 & 2021 version) - Non-retail/Ships in Polybag - Clear/Black",62.96,Phone/Tablet Cases
LPNRREW5175436,843591075961,B07Q424WFW,Corsair Ironclaw Wireless RGB - FPS and MOBA Gaming Mouse - 18000 DPI Optical Sensor - Sub-1 ms SLIPSTREAM Wireless,79.99,keyboards/mice/ gaming headset
LPNPMII2564794,846127196307,B08FR1GW44,Pelican Ranger Series - iPhone 12 / iPhone 12 Pro Case [15ft Military Grade Drop Protection] [Wireless Charging Comaptible] Anti-Yellow & Heavy-Duty Case Cover For iPhone 12 Pro / 12 6.1 Inch - Clear,30.39,Phone/Tablet Cases
LPNRREC5004867,192876624920,B084HMHGSP,ASUS Hyper M.2 X16 PCIe 4.0 X4 Expansion Card Supports 4 NVMe M.2 (2242/2260/2280/22110) up to 256Gbps for AMD 3rd Ryzen sTRX40 AM4 Socket and Intel VROC NVMe Raid,76.99,PCIE Cards
LPNRREX2390143,824142290248,B09YHXT12P,MSI Gaming Radeon RX 6650 XT 128-bit 8GB GDDR6 DP/HDMI Dual Torx 3.0 Fans FreeSync DirectX 12 VR Ready OC Graphics Card (RX 6650 XT MECH 2X 8G OC),301.0,Graphics Cards
LPNRREE0455182,815671014467,B07GVHSSWR,NZXT AER RGB 2 - HF-28120-B1 - 120mm - Advanced Lighting Customizations - Winglet Tips - Fluid Dynamic Bearing - LED RGB PWM Fan for Hue 2 - Single (HUE2 Lighting Controller Not Included)  Black,29.99,under75
LPNPMIO8274298,194253416807,B0BDJ4H6T7,Apple iPhone 14 Pro Max Silicone Case with MagSafe - Lilac,39.0,Phone/Tablet Cases
LPNPMAI4496490,N/A,N/A,N/A,N/A,g_headphones_auction
LPNRREW4845633,840262375788,B09RBCWGYX,OtterBox Otter + POP Symmetry Series Case for iPhone 13 - Black,59.95,Phone/Tablet Cases
LPNPMIE1093508,194252781524,B09G9B9WH5,Apple iPhone 13 Pro Clear Case with MagSafe,39.99,Phone/Tablet Cases
LPNRREE0455183,815671014467,B07GVHSSWR,NZXT AER RGB 2 - HF-28120-B1 - 120mm - Advanced Lighting Customizations - Winglet Tips - Fluid Dynamic Bearing - LED RGB PWM Fan for Hue 2 - Single (HUE2 Lighting Controller Not Included)  Black,29.99,under75
LPNRRFL8746623,192876726334,B091D6Y78G,ASUS AC1900 WiFi Router (RT-AC67P) - Dual Band Wireless Internet Router Easy Setup VPN Parental Control AiRadar Beamforming Technology extends Speed Stability & Coverage MU-MIMO,100.99,Modems
LPNPMIO1502804,194252781524,B09G9B9WH5,Apple iPhone 13 Pro Clear Case with MagSafe,39.99,Phone/Tablet Cases
LPNRREB1790754,761345775199,B07J41DT3K,Antec Mod Sleeved Power Supply Cable Extension Kit ATX/EPS 8-pin PCI-E/6-pin w/Combs Purple UV,28.52,under75
LPNPMAI4462894,840262372572,B09LP9ZZVR,OtterBox SYMMETRY SERIES+ CLEAR Antimicrobial Case with MagSafe for iPhone 12/13 Pro Max - Stardust,42.77,Phone/Tablet Cases
LPNRRFK3530694,840104274385,B09D57WPSC,OTTERBOX DEFENDER SERIES SCREENLESS EDITION Case for iPhone 13 Pro (ONLY) - HUNTER GREEN,34.64,Phone/Tablet Cases
LPNPMIO1503220,840262384285,B0B7CD5DHQ,OtterBox OTTER + POP SYMMETRY CLEAR SERIES for iPhone 14 Pro Max (ONLY) - CLEAR,30.81,Phone/Tablet Cases
LPNRREE0621612,194253687870,B0BJLG69QR,Apple Pencil (1st Generation) - Includes USB-C to Pencil Adapter,89.0,Apple Brand Accessories
LPNRREE0545297,845973094805,B01H74VKZU,TP-Link AV2000 Powerline Adapter - 2 Gigabit Ports Ethernet Over Power Plug&Play Power Saving 2x2 MIMO Noise Filtering Extra Power Socket for other Devices Ideal for Gaming (TL-PA9020P KIT),67.88,Modems
LPNPMAA1220112,N/A,N/A,N/A,N/A,Phone/Tablet Cases
LPNRRFK3080307,85896726753,B09D3RNRJQ,Kensington Orbit Wireless Trackball with Scroll Ring - Space Gray (K72675WW),49.99,under75
LPNRREE0517855,840006604839,B08R5JPTMZ,Corsair RMx Series (2021) RM850x 850 Watt GOLD Fully Modular Power Supply (CP-9020200-NA),149.99,Power Supplies
LTEST,N/A,N/A,MISC,temp_price,Modems
Ltest,N/A,N/A,MISC,temp_price,Modems
LPNPMIO3843691,840262381765,B0B7C9KMGX,OtterBox STRADA FOLIO SERIES for iPhone 14 Pro (ONLY) - ESPRESSO (Brown),36.33,Phone/Tablet Cases
LPNPMIO3934476,85896332725,B0872M3BZG,Kensington Wireless Presenter with Red Laser Pointer (K33272WW),32.99,under75
LPNPMIO3707174,192876288658,B07XLP199J,Asus AX3000 (Pce-AX58BT) Next-Gen WiFi 6 Dual Band PCIe Wireless Adapter with Bluetooth 5.0 - Ofdma 2x2 MU-Mimo and Wpa3 SecurityBlack,66.26,PCIE Cards
LPNRRFK9126002,887276410401,B086Z2XFYP,"SAMSUNG Galaxy Tab S6 Lite 10.4"" 64GB WiFi Android Tablet w/ S Pen Included Slim Metal Design Crystal Clear Display Dual Speakers Long Lasting Battery SM-P610NZAAXAR Oxford Gray",434.7,Phones/Tablets
LPNPMIU7792949,840056155633,B0B75WBM1P,Halo Power Station 100 Portable 110VAC/100Watt w/AC Outlet USB Ports Wireless Phone Charging Station Floodlight Carry-on Approved Anchor Blue ,135.85,over75
LPNRRDH1474941,N/A,N/A,N/A,N/A,Phones/Tablets
LPNPMIA5093323,811659039842,B08F2Z1G6H,Razer Goliathus Extended Chroma Gaming Mousepad: Customizable RGB Lighting - Soft Cloth Material - Balanced Control & Speed - Non-Slip Rubber Base - Halo Infinte Edition,68.3,under75
LPNPMUA4347657,N/A,N/A,N/A,N/A,Phone/Tablet Cases
LPNRREW5246701,748091000812,B01DM7AF5C,Motorola T200 Talkabout Radio 2 Pack,49.59,under75
LPNRREW5123324,840262372435,B09LPDLK91,OtterBox SYMMETRY SERIES+ CLEAR Antimicrobial Case with MagSafe for iPhone 13 - Clear,59.99,Phone/Tablet Cases
LPNPMIO0882660,887276574400,B0977KYPG4,Samsung Electronics Galaxy Z Fold 3 Phone Case Silicone Protective Cover Heavy Duty Shockproof Smartphone Protector US Version Green (EF-PF926TGEGUS),27.93,Phone/Tablet Cases
LPNPMIO6165590,194253416982,B0BDHQZQMR,Apple iPhone 14 Pro Clear Case with MagSafe ​​​​​​​,39.0,Phone/Tablet Cases
LPNRREW5235905,194253035312,B09V3KGWSF,Apple iPhone 13 Pro Max Silicone Case with MagSafe - Blue Fog,52.65,Phone/Tablet Cases
LPNPMAI6356234,840104287330,B09D5RDZ6J,OTTERBOX DEFENDER SERIES XT SCREENLESS EDITION Case for iPhone 13 Pro Max & iPhone 12 Pro Max - BLACK,54.97,Phone/Tablet Cases
LPNPMIO3790854,846127196246,B08FR5KJLG,Rifle Paper Co - Case for iPhone 12 and iPhone 12 Pro (5G) - 10 ft Drop Protection - 6.1 inch - Wildflowers,29.99,Phone/Tablet Cases
LPNPMIO8422044,,B0B9HNK34J,tech21 iPhone 14 Pro Max Evo Crystal Compatible with MagSafe® – Shock-Absorbing & Scratch-Resistant Clear Phone Case with 16ft FlexShock Multi-Drop Protection,39.0,Phone/Tablet Cases
LPNRREW5231123,840304701315,B0B7CDLS9M,OtterBox DEFENDER XT CLEAR SERIES for iPhone 14 Pro (ONLY) - LAVENDER SKY (Purple/Clear),68.98,Phone/Tablet Cases
LPNPMAA1219910,840104247020,B08NCS4T6Z,OTTERBOX DEFENDER SERIES SCREENLESS EDITION Case for Galaxy S21+ 5G (ONLY - DOES NOT FIT non-Plus size or Ultra) - BLACK,29.41,Phone/Tablet Cases
LPNRRFK3964764,813682027575,B088K6LPG2,SteelSeries Nimbus+ Bluetooth Mobile Gaming Controller with iPhone Mount + Up to 4 Free Months of Apple Arcade 50+ Hour Battery Life Apple Licensed Made for iOS iPadOS tvOS,69.99,under75
LPNPMAI0653516,190199320260,B0932QJ2JZ,Apple AirTag 4 Pack,99.0,Apple Brand Accessories
LPNRREE1432237,,B07XWK1DYB,OnePlus Buds Pro Wireless Earbuds| with Charging Case |IP55 | Smart Adaptive Noise Cancellation Sound | Matte BlackE503A,149.99,other_earbuds
LPNRREW4160298,194252897300,B09JR24YYW,Apple 67W USB-C Power Adapter,51.0,under75
LPNPMII1664515,887276430270,B089B7LX7N,SAMSUNG Galaxy Buds Live True Wireless Earbuds US Version Active Noise Cancelling Wireless Charging Case Included Mystic Bronze,149.99,other_earbuds
LPNPMAA7917062,824142212493,B0876J8436,MSI MPG Z490 GAMING EDGE WIFI ATX Gaming Motherboard (10th Gen Intel Core LGA 1200 Socket DDR4 CF Dual M.2 Slots USB 3.2 Gen 2 Wi-Fi 6 DP/HDMI Mystic Light RGB),282.15,Motherboards
LPNPMIE2839716,,B09MQH22F2,Akko Dracula Castle 198-Key ASA Profile PBT Double-Shot Keycap Set for Mechanical Keyboards with Collection Box,48.21,under75
LPNRRFL8720365,840006611684,B07Z9SW756,Corsair QL Series Ql120 RGB 120mm RGB LED Fan Triple Pack with Lighting Node Core Black,126.67,under75
LPNPMAI4198047,74101207828,B0BFFZGTCR,Fujifilm Instax Mini 40 Bundle 2022,84.96,Cameras
LPNRRFK3627031,606449158885,B09X8Z5T16,NETGEAR Cloud Managed Wireless Access Point (WAX615PA) - WiFi 6 Dual-Band AX3000 Speed | Up to 256 Client Devices | 802.11ax | Insight Remote Management | PoE+ Powered or Included AC Adapter,163.99,Routers/Switches
LPNRRFB3464602,195553463836,B0B17BFCGS,ASUS AX1800 PCIe WiFi Adapter (PCE-AX1800) - WiFi 6 Bluetooth 5.2 Ultra-Low Latency Wireless 2 External Antenna Supporting Total Data Rate up to 1800Mbps WPA3 Network Security OFDMA and MU-MIMO,39.99,PCIE Cards
LPNRREW4506338,615822015806,B09D1GFNHG,Jabra Elite 7 Active in-Ear Bluetooth Earbuds - True Wireless Sports Ear Buds with Jabra ShakeGrip for The Ultimate Active fit and Adjustable Active Noise Cancellation - Mint,179.99,other_earbuds
LPNRREW5310417,857199008573,B09Q6CZDNY,iOttie Aivo Boost Dual Port USB-A/USB-C Car Charger with Alexa Built-in High-Speed USB-C PD 3.0/QC 4.0+ and USB-A QC 3.0 car Adapter for Apple Android and Google Phones and Tablets,49.95,under75
LPNPMAI0298055,606449147490,B08NXWM3GK,NETGEAR Cable Modem with Built-in WiFi Router (C6230) - Compatible with All Major Cable Providers incl. Xfinity Spectrum Cox - for Cable Plans Up to 400Mbps - AC1200 WiFi Speed - DOCSIS 3.0,122.99,Modems
LPNRREE0797167,612572215388,B07H42QXF1,ARRIS SURFboard SBG10 DOCSIS 3.0 16 x 4 Gigabit Cable Modem & AC1600 Wi-Fi Router | Comcast Xfinity Cox Spectrum | Two 1 Gbps Ports | 400 Mbps Max Internet Speeds | SURFboard App | 2 Year Warranty,119.0,Modems
LPNPMAI4087399,615822015790,B09D15G8PG,Jabra Elite 7 Active in-Ear Bluetooth Earbuds - True Wireless Sports Ear Buds ShakeGrip for The Ultimate Active fit and Adjustable Active Noise Cancellation - Black,151.2,other_earbuds
LPNPMAE1424758,,B07XWK1DYB,OnePlus Buds Pro Wireless Earbuds| with Charging Case |IP55 | Smart Adaptive Noise Cancellation Sound | Matte BlackE503A,149.99,other_earbuds
LPNRREW5048237,840104274545,B09D5DQZ4J,OTTERBOX DEFENDER SERIES SCREENLESS EDITION Case for iPhone 13 Pro Max & iPhone 12 Pro Max - FORT BLUE,59.95,Phone/Tablet Cases
LPNO090316799,615822015981,B09GKYMDHP,BlueParrott B650-XT Noise Cancelling Bluetooth Mono Headset – Wireless Headset for Clear Calls with Activated Noise Cancellation Extended Wireless Range and IP54-Rated Protection Black,219.99,Headphones
LPNRRDX8883246,718037861036,B083XVY99B,"Western Digital 4TB WD Red NAS Internal Hard Drive HDD - 5400 RPM SATA 6 Gb/s SMR 256MB Cache 3.5"" - WD40EFAX",100.23,Hard Drives
LPNRRFL7656527,811659037787,B08D1RSCRL,Razer Hammerhead True Wireless Pro Bluetooth Gaming Earbuds: THX Certified - Advanced Hybrid Active Noise Cancellation - 60ms Low-Latency - Touch Enabled - <20 Hr Battery Life - Classic Black,211.28,other_earbuds
LPNPMIO1481697,811659037336,B08FFPKRYW,Razer Kishi Mobile Game Controller / Gamepad for iPhone iOS: Works with most iPhones – X 11 12 13 13 Max - Apple Arcade Amazon Luna Google Stadia - Lightning Port Passthrough - MFi Certified,85.0,Gaming Systems
LPNPMAA7656069,840262384414,B0B7CG74W6,OtterBox OTTER + POP SYMMETRY CLEAR SERIES for iPhone 14 Pro Max (ONLY) - STARDUST POP (Clear/Glitter),30.81,Phone/Tablet Cases
LPNPMAA5874454,840104221556,B08J4H48Q9,LifeProof FRĒ SERIES Waterproof Case for iPhone 12 Pro Max - BLACK,76.94,Phone/Tablet Cases
LPNRREW4816066,779288609259,B08DN9K2ZG,RETROFLAG NESPi 4 CASE Raspberry Pi 4 Case with SSD CASE HDMI Cable & Cooling Fan & Heatsinks for Raspberry Pi 4 Model/Pi 4B (Pi 4 Case),31.87,under75
LPNRRFL7478686,887276546766,B0941PVLYN,SAMSUNG Galaxy Buds 2 True Wireless Earbuds Noise Cancelling Ambient Sound Bluetooth Lightweight Comfort Fit Touch Control US Version Olive Green,130.18,other_earbuds
LPNPMOA6754408,193575032306,B0B1NGPY94,Google Pixel Buds Pro - Noise Canceling Earbuds - Up to 31 Hour Battery Life with Charging Case - Bluetooth Headphones - Compatible with Wireless Charging - Fog,199.99,other_earbuds
LPNRREW0332202,193575032290,B0B1N7Z8B3,Google Pixel Buds Pro - Noise Canceling Earbuds - Up to 31 Hour Battery Life with Charging Case - Bluetooth Headphones - Compatible with Wireless Charging - Coral,165.99,other_earbuds
LPNO089909873,887276668703,B0B2SH4CN6,SAMSUNG Galaxy Buds 2 Pro True Wireless Bluetooth Earbuds w/ Noise Cancelling Hi-Fi Sound 360 Audio Comfort Ear Fit HD Voice Conversation Mode IPX7 Water Resistant US Version Graphite,229.99,earbuds_to_test
LPNO065299280,,B09VLHYQMV,Bang & Olufsen Beoplay EX - Wireless Bluetooth Earphones with Microphone and Active Noise Cancelling Waterproof 20 Hours of Playtime,301.24,earbuds_to_test
LPNRREA6082838,887276668741,B0B2SFVRC2,SAMSUNG Galaxy Buds 2 Pro True Wireless Bluetooth Earbuds w/ Noise Cancelling Hi-Fi Sound 360 Audio Comfort Ear Fit HD Voice Conversation Mode IPX7 Water Resistant US Version White (Pack of 1),168.67,earbuds_to_test
LPNRREX1536159,887276668703,B0B2SH4CN6,SAMSUNG Galaxy Buds 2 Pro True Wireless Bluetooth Earbuds w/ Noise Cancelling Hi-Fi Sound 360 Audio Comfort Ear Fit HD Voice Conversation Mode IPX7 Water Resistant US Version Graphite,229.99,earbuds_to_test
LPNRREC5572476,615822013864,B08HR78C46,Jabra Elite 85t True Wireless Bluetooth Earbuds Titanium Black – Advanced Noise-Cancelling Earbuds with Charging Case for Calls & Music – Wireless Earbuds with Superior Sound & Premium Comfort,229.99,other_earbuds
LPNRRFK3710203,N/A,N/A,N/A,N/A,Phone/Tablet Cases
LPNRRFL9567718,887276709000,B0B2SH56BZ,SAMSUNG Galaxy Buds 2 Pro True Wireless Bluetooth Earbuds w/ Noise Cancelling Hi-Fi Sound 360 Audio Comfort Ear Fit HD Voice Conversation Mode IPX7 Water Resistant US Version Bora Purple,229.99,other_earbuds
LPNO042715749,840006604839,B08R5JPTMZ,Corsair RMx Series (2021) RM850x 850 Watt GOLD Fully Modular Power Supply (CP-9020200-NA),149.99,Power Supplies
LPNRREE0462122,606449106039,B00R2AZLD2,NETGEAR Nighthawk Smart Wi-Fi Router R6700 - AC1750 Wireless Speed Up to 1750 Mbps | Up to 1500 Sq Ft Coverage & 25 Devices | 4 x 1G Ethernet and 1 x 3.0 USB Ports | Armor Security,106.59,Modems
LPNRRFJ1948030,606449147841,B082N5N3R1,NETGEAR WiFi Router (R6330) - AC1600 Dual Band Wireless Speed (up to 1600 Mbps) | Up to 1200 sq ft Coverage & 20 Devices | 4 x 1G Ethernet and 1 x 2.0 USB Ports (R6330-1AZNAS),79.99,Modems
