LPNPMAI4297344,706487021803,B08XZQBD3R,BlueParrott M300-XT Noise Cancelling Hands-free Mono Bluetooth Headset for Mobile Phones with up to 14 Hours of Talk Time for On-The-Go Mobile Professionals & Drivers,99.99,other_earbuds
LPNRREW4989714,,B09MVGQRDD,,,other_earbuds
LPNRREE1432237,,B07XWK1DYB,OnePlus Buds Pro Wireless Earbuds| with Charging Case |IP55 | Smart Adaptive Noise Cancellation Sound | Matte BlackE503A,149.99,other_earbuds
LPNPMII1664515,887276430270,B089B7LX7N,SAMSUNG Galaxy Buds Live True Wireless Earbuds US Version Active Noise Cancelling Wireless Charging Case Included Mystic Bronze,149.99,other_earbuds
LPNRREW4506338,615822015806,B09D1GFNHG,Jabra Elite 7 Active in-Ear Bluetooth Earbuds - True Wireless Sports Ear Buds with Jabra ShakeGrip for The Ultimate Active fit and Adjustable Active Noise Cancellation - Mint,179.99,other_earbuds
LPNPMAI4087399,615822015790,B09D15G8PG,Jabra Elite 7 Active in-Ear Bluetooth Earbuds - True Wireless Sports Ear Buds ShakeGrip for The Ultimate Active fit and Adjustable Active Noise Cancellation - Black,151.2,other_earbuds
LPNPMAE1424758,,B07XWK1DYB,OnePlus Buds Pro Wireless Earbuds| with Charging Case |IP55 | Smart Adaptive Noise Cancellation Sound | Matte BlackE503A,149.99,other_earbuds
LPNRRFL7656527,811659037787,B08D1RSCRL,Razer Hammerhead True Wireless Pro Bluetooth Gaming Earbuds: THX Certified - Advanced Hybrid Active Noise Cancellation - 60ms Low-Latency - Touch Enabled - <20 Hr Battery Life - Classic Black,211.28,other_earbuds
LPNRRFL7478686,887276546766,B0941PVLYN,SAMSUNG Galaxy Buds 2 True Wireless Earbuds Noise Cancelling Ambient Sound Bluetooth Lightweight Comfort Fit Touch Control US Version Olive Green,130.18,other_earbuds
LPNPMOA6754408,193575032306,B0B1NGPY94,Google Pixel Buds Pro - Noise Canceling Earbuds - Up to 31 Hour Battery Life with Charging Case - Bluetooth Headphones - Compatible with Wireless Charging - Fog,199.99,other_earbuds
LPNRREW0332202,193575032290,B0B1N7Z8B3,Google Pixel Buds Pro - Noise Canceling Earbuds - Up to 31 Hour Battery Life with Charging Case - Bluetooth Headphones - Compatible with Wireless Charging - Coral,165.99,other_earbuds
LPNRREC5572476,615822013864,B08HR78C46,Jabra Elite 85t True Wireless Bluetooth Earbuds Titanium Black – Advanced Noise-Cancelling Earbuds with Charging Case for Calls & Music – Wireless Earbuds with Superior Sound & Premium Comfort,229.99,other_earbuds
LPNRRFL9567718,887276709000,B0B2SH56BZ,SAMSUNG Galaxy Buds 2 Pro True Wireless Bluetooth Earbuds w/ Noise Cancelling Hi-Fi Sound 360 Audio Comfort Ear Fit HD Voice Conversation Mode IPX7 Water Resistant US Version Bora Purple,229.99,other_earbuds
