LPNPMAA1325684,74101207231,B0BFYZBFFV,Fujifilm Instax Mini 11 Purple Holiday Bundle 2022,73.91,under75
LPNRRFL7698290,840006629788,B09GHTMJMY,CORSAIR iCUE COMMANDER CORE XT Digital Fan Speed and RGB Lighting Controller,59.99,under75
LPNRRFL8489768,840006629788,B09GHTMJMY,CORSAIR iCUE COMMANDER CORE XT Digital Fan Speed and RGB Lighting Controller,59.99,under75
LPNRREW4203105,811659035806,B07YPBQSCK,Razer Basilisk X HyperSpeed Wireless Gaming Mouse: Bluetooth & Wireless Compatible 16K DPI Optical Sensor 6 Programmable Buttons 450 Hr Battery Classic Black,43.8,under75
LPNRREA6703971,656777017699,B08559R1CJ,Desktop Anti-Theft Stand – CTA Kiosk Stand with Stylus Tether and Aluminum Enclosure for iPad 7th/ 8th/ 9th Gen 10.2” iPad Air 3 & iPad Pro 10.7” and More (PAD-DASB) - Black,68.0,under75
LPNRREE0455183,815671014467,B07GVHSSWR,NZXT AER RGB 2 - HF-28120-B1 - 120mm - Advanced Lighting Customizations - Winglet Tips - Fluid Dynamic Bearing - LED RGB PWM Fan for Hue 2 - Single (HUE2 Lighting Controller Not Included)  Black,29.99,under75
LPNRREB1790754,761345775199,B07J41DT3K,Antec Mod Sleeved Power Supply Cable Extension Kit ATX/EPS 8-pin PCI-E/6-pin w/Combs Purple UV,28.52,under75
LPNRRFK3080307,85896726753,B09D3RNRJQ,Kensington Orbit Wireless Trackball with Scroll Ring - Space Gray (K72675WW),49.99,under75
LPNPMIO3934476,85896332725,B0872M3BZG,Kensington Wireless Presenter with Red Laser Pointer (K33272WW),32.99,under75
LPNPMIA5093323,811659039842,B08F2Z1G6H,Razer Goliathus Extended Chroma Gaming Mousepad: Customizable RGB Lighting - Soft Cloth Material - Balanced Control & Speed - Non-Slip Rubber Base - Halo Infinte Edition,68.3,under75
LPNRREW5246701,748091000812,B01DM7AF5C,Motorola T200 Talkabout Radio 2 Pack,49.59,under75
LPNRRFK3964764,813682027575,B088K6LPG2,SteelSeries Nimbus+ Bluetooth Mobile Gaming Controller with iPhone Mount + Up to 4 Free Months of Apple Arcade 50+ Hour Battery Life Apple Licensed Made for iOS iPadOS tvOS,69.99,under75
LPNRREW4160298,194252897300,B09JR24YYW,Apple 67W USB-C Power Adapter,51.0,under75
LPNPMIE2839716,,B09MQH22F2,Akko Dracula Castle 198-Key ASA Profile PBT Double-Shot Keycap Set for Mechanical Keyboards with Collection Box,48.21,under75
LPNRREW5310417,857199008573,B09Q6CZDNY,iOttie Aivo Boost Dual Port USB-A/USB-C Car Charger with Alexa Built-in High-Speed USB-C PD 3.0/QC 4.0+ and USB-A QC 3.0 car Adapter for Apple Android and Google Phones and Tablets,49.95,under75
LPNRREW4816066,779288609259,B08DN9K2ZG,RETROFLAG NESPi 4 CASE Raspberry Pi 4 Case with SSD CASE HDMI Cable & Cooling Fan & Heatsinks for Raspberry Pi 4 Model/Pi 4B (Pi 4 Case),31.87,under75
